city,county,state,lat,lng,UV_value
Adelanto,San Bernardino,california,34.5827699,-117.409215,2.98
Agoura Hills,Los Angeles,california,34.1533395,-118.7616764,3
Alameda,Alameda,california,37.7652065,-122.2416355,2
Albany,Alameda,california,37.88687,-122.2977475,1.97
Alhambra,Los Angeles,california,34.095287,-118.1270146,3
Aliso Viejo,Orange,california,33.5684605,-117.7262981,3.17
Alturas,Modoc,california,41.4871146,-120.5424555,1.52
Amador City,Amador,california,38.4193553,-120.824103,1.97
American Canyon,Napa,california,38.1749178,-122.2608044,1.92
Anaheim,Orange,california,33.8365932,-117.9143012,3.04
Anderson,Shasta,california,40.448208,-122.2977815,1.57
Angels Camp,Calaveras,california,38.0677832,-120.5385299,2.05
Antioch,Contra Costa,california,38.0049214,-121.805789,1.93
Apple Valley,San Bernardino,california,34.5008311,-117.1858759,3
Arcadia,Los Angeles,california,34.1397292,-118.0353449,3
Arcata,Humboldt,california,40.8665166,-124.0828396,1.46
Arroyo Grande,San Luis Obispo,california,35.1185868,-120.5907252,2.74
Artesia,Los Angeles,california,33.8658484,-118.0831212,3.05
Arvin,Kern,california,35.2017986,-118.833105,2.78
Atascadero,San Luis Obispo,california,35.4894169,-120.6707255,2.71
Atherton,San Mateo,california,37.4613272,-122.197743,2.12
Atwater,Merced,california,37.3477174,-120.609084,2.19
Auburn,Placer,california,38.8965654,-121.0768901,1.87
Avalon,Los Angeles,california,33.3428193,-118.3282279,3.21
Avenal,Kings,california,36.0041223,-120.1290272,2.52
Azusa,Los Angeles,california,34.1336186,-117.9075627,3.02
Bakersfield,Kern,california,35.3732921,-119.0187125,2.71
Baldwin Park,Los Angeles,california,34.0852868,-117.9608978,3.02
Banning,Riverside,california,33.9255713,-116.8764103,3.16
Barstow,San Bernardino,california,34.8957957,-117.0172826,2.9
Beaumont,Riverside,california,33.9294606,-116.977248,3.16
Bell,Los Angeles,california,33.9775142,-118.1870156,3.05
Bell Gardens,Los Angeles,california,33.9652918,-118.1514588,3.05
Bellflower,Los Angeles,california,33.8816818,-118.1170117,3.05
Belmont,San Mateo,california,37.5202145,-122.2758008,2.04
Belvedere,Marin,california,37.8727044,-122.4644171,1.97
Benicia,Solano,california,38.049365,-122.1585777,1.94
Berkeley,Alameda,california,37.8715926,-122.272747,1.97
Beverly Hills,Los Angeles,california,34.0736204,-118.4003563,2.98
Big Bear Lake,San Bernardino,california,34.2438963,-116.9114215,3.27
Biggs,Butte,california,39.4123876,-121.7127513,1.74
Bishop,Inyo,california,37.3614238,-118.3996636,2.49
Blue Lake,Humboldt,california,40.8829072,-123.9839488,1.48
Blythe,Riverside,california,33.6177725,-114.5882607,3.16
Bradbury,Los Angeles,california,34.1469511,-117.9708982,3.02
Brawley,Imperial,california,32.9786566,-115.530267,3.39
Brea,Orange,california,33.916475,-117.9002918,3.04
Brentwood,Contra Costa,california,37.931868,-121.6957863,2.01
Brisbane,San Mateo,california,37.6807661,-122.3999715,2.04
Buellton,Santa Barbara,california,34.613597,-120.1926505,2.87
Buena Park,Orange,california,33.8674044,-117.9981387,3.04
Burbank,Los Angeles,california,34.1808392,-118.3089661,2.98
Burlingame,San Mateo,california,37.5778696,-122.34809,2.04
Calabasas,Los Angeles,california,34.1367208,-118.6614809,2.98
Calexico,Imperial,california,32.6789476,-115.4988834,3.48
California City,Kern,california,35.125801,-117.9859038,2.86
Calimesa,Riverside,california,34.0039039,-117.0619755,3.1
Calipatria,Imperial,california,33.1255957,-115.5141538,3.28
Calistoga,Napa,california,38.5787965,-122.5797054,1.86
Camarillo,Ventura,california,34.2163937,-119.0376023,2.96
Campbell,Santa Clara,california,37.2871651,-121.9499568,2.12
Canyon Lake,Riverside,california,33.6850215,-117.2730931,3.19
Capitola,Santa Cruz,california,36.9752283,-121.953293,2.23
Carlsbad,San Diego,california,33.1580933,-117.3505939,3.32
Carmel-by-the-Sea,Monterey,california,36.5552386,-121.9232879,2.31
Carpinteria,Santa Barbara,california,34.3988838,-119.5184564,2.92
Carson,Los Angeles,california,33.8316745,-118.281693,3.05
Cathedral City,Riverside,california,33.7805388,-116.4668036,3.1
Ceres,Stanislaus,california,37.5949316,-120.9577098,2.11
Cerritos,Los Angeles,california,33.8583483,-118.0647871,3.05
Chico,Butte,california,39.7284944,-121.8374777,1.7
Chino,San Bernardino,california,34.0122346,-117.688944,3.06
Chino Hills,San Bernardino,california,33.9898188,-117.7325848,3.08
Chowchilla,Madera,california,37.1229997,-120.2601754,2.27
Chula Vista,San Diego,california,32.6400541,-117.0841955,3.47
Citrus Heights,Sacramento,california,38.7071247,-121.2810611,1.87
Claremont,Los Angeles,california,34.0966764,-117.7197785,3.06
Clayton,Contra Costa,california,37.9410341,-121.9357925,2.02
Clearlake,Lake,california,38.9582307,-122.6263728,1.83
Cloverdale,Sonoma,california,38.8054624,-123.0172227,1.79
Clovis,Fresno,california,36.8252277,-119.7029194,2.39
Coachella,Riverside,california,33.6803003,-116.173894,3.13
Coalinga,Fresno,california,36.139678,-120.3601496,2.54
Colfax,Placer,california,39.1007298,-120.9532759,1.89
Colma,San Mateo,california,37.6768779,-122.459695,2.04
Colton,San Bernardino,california,34.0739016,-117.3136547,3.03
Colusa,Colusa,california,39.2143343,-122.0094175,1.76
Commerce,Los Angeles,california,34.0005691,-118.1597929,3
Compton,Los Angeles,california,33.8958492,-118.2200712,3.05
Concord,Contra Costa,california,37.9779776,-122.0310733,2
Corcoran,Kings,california,36.098007,-119.5604015,2.55
Corning,Tehama,california,39.9276572,-122.1791556,1.66
Corona,Riverside,california,33.8752935,-117.5664384,3.08
Coronado,San Diego,california,32.6858853,-117.1830891,3.47
Corte Madera,Marin,california,37.9254806,-122.5274755,1.96
Costa Mesa,Orange,california,33.6412156,-117.9188221,3.12
Cotati,Sonoma,california,38.3293416,-122.7096666,1.88
Covina,Los Angeles,california,34.0900091,-117.8903397,3.02
Crescent City,Del Norte,california,41.7557501,-124.2025913,1.3
Cudahy,Los Angeles,california,33.9605701,-118.1853486,3.05
Culver City,Los Angeles,california,34.0211224,-118.3964665,2.98
Cupertino,Santa Clara,california,37.3229978,-122.0321823,2.12
Cypress,Orange,california,33.8169366,-118.0368507,3.05
Daly City,San Mateo,california,37.6879241,-122.4702079,2.04
Dana Point,Orange,california,33.4672256,-117.6981014,3.2
Danville,Contra Costa,california,37.8215929,-121.9999606,2.02
Davis,Yolo,california,38.5449065,-121.7405167,1.86
Del Mar,San Diego,california,32.9594891,-117.2653146,3.42
Del Rey Oaks,Monterey,california,36.5932934,-121.8349515,2.31
Delano,Kern,california,35.7688425,-119.2470536,2.62
Desert Hot Springs,Riverside,california,33.961124,-116.5016784,3.17
Diamond Bar,Los Angeles,california,34.0286226,-117.8103367,3.02
Dinuba,Tulare,california,36.5432837,-119.3870656,2.46
Dixon,Solano,california,38.4454641,-121.8232958,1.89
Dorris,Siskiyou,california,41.9673696,-121.91806,1.41
Dos Palos,Merced,california,36.9860582,-120.6265722,2.3
Downey,Los Angeles,california,33.9401088,-118.1331593,3.05
Duarte,Los Angeles,california,34.1394513,-117.9772873,3.02
Dublin,Alameda,california,37.7021521,-121.9357918,2.07
Dunsmuir,Siskiyou,california,41.2082089,-122.2719529,1.52
East Palo Alto,San Mateo,california,37.4688273,-122.1410751,2.12
Eastvale,Riverside,california,33.952463,-117.5848025,3.08
El Cajon,San Diego,california,32.7947731,-116.9625269,3.46
El Centro,Imperial,california,32.792,-115.5630514,3.39
El Cerrito,Contra Costa,california,37.9161326,-122.310765,1.97
El Monte,Los Angeles,california,34.0686206,-118.0275667,3
El Segundo,Los Angeles,california,33.9191799,-118.4164652,3.05
Elk Grove,Sacramento,california,38.4087993,-121.3716178,1.91
Emeryville,Alameda,california,37.831316,-122.2852473,1.97
Encinitas,San Diego,california,33.0369867,-117.2919818,3.32
Escalon,San Joaquin,california,37.7974273,-120.9966033,2.05
Escondido,San Diego,california,33.1192068,-117.086421,3.33
Etna,Siskiyou,california,41.4568065,-122.8947551,1.47
Eureka,Humboldt,california,40.8020712,-124.1636729,1.46
Exeter,Tulare,california,36.2960613,-119.1420517,2.53
Fairfax,Marin,california,37.9871454,-122.5888686,1.96
Fairfield,Solano,california,38.2493581,-122.0399663,1.94
Farmersville,Tulare,california,36.2977283,-119.2067767,2.53
Ferndale,Humboldt,california,40.5762406,-124.2639441,1.48
Fillmore,Ventura,california,34.3991639,-118.918154,2.95
Firebaugh,Fresno,california,36.8588376,-120.4560072,2.32
Folsom,Sacramento,california,38.6779591,-121.1760583,1.89
Fontana,San Bernardino,california,34.0922335,-117.435048,3.03
Fort Bragg,Mendocino,california,39.445723,-123.8052935,1.69
Fort Jones,Siskiyou,california,41.6076387,-122.8403099,1.41
Fortuna,Humboldt,california,40.5981867,-124.1572756,1.5
Foster City,San Mateo,california,37.5585465,-122.2710788,2.04
Fountain Valley,Orange,california,33.7090212,-117.9544069,3.12
Fowler,Fresno,california,36.6305058,-119.6784697,2.44
Fremont,Alameda,california,37.5482697,-121.9885719,2.07
Fresno,Fresno,california,36.7377981,-119.7871247,2.43
Fullerton,Orange,california,33.8703645,-117.9242123,3.04
Galt,Sacramento,california,38.2546373,-121.2999485,1.91
Garden Grove,Orange,california,33.7742692,-117.9379952,3.04
Gardena,Los Angeles,california,33.8883487,-118.3089624,3.05
Gilroy,Santa Clara,california,37.0057816,-121.5682751,2.2
Glendale,Los Angeles,california,34.1425078,-118.255075,2.98
Glendora,Los Angeles,california,34.1361187,-117.865339,3.02
Goleta,Santa Barbara,california,34.4358294,-119.8276389,2.89
Gonzales,Monterey,california,36.5066295,-121.4443806,2.36
Grand Terrace,San Bernardino,california,34.0339031,-117.3136544,3.03
Grass Valley,Nevada,california,39.2190608,-121.0610606,1.85
Greenfield,Monterey,california,36.3207998,-121.2438138,2.46
Gridley,Butte,california,39.3637773,-121.6935833,1.74
Grover Beach,San Luis Obispo,california,35.1216424,-120.6212821,2.74
Guadalupe,Santa Barbara,california,34.971644,-120.5718363,2.79
Gustine,Merced,california,37.2577171,-120.9988154,2.17
Half Moon Bay,San Mateo,california,37.4635519,-122.4285862,2.1
Hanford,Kings,california,36.3274502,-119.6456844,2.49
Hawaiian Gardens,Los Angeles,california,33.8314045,-118.0728424,3.05
Hawthorne,Los Angeles,california,33.9164032,-118.3525748,3.05
Hayward,Alameda,california,37.6688205,-122.0807964,2.03
Healdsburg,Sonoma,california,38.6104658,-122.8691609,1.83
Hemet,Riverside,california,33.7475203,-116.9719684,3.24
Hercules,Contra Costa,california,38.0171441,-122.2885808,1.92
Hermosa Beach,Los Angeles,california,33.8622366,-118.3995194,3.05
Hesperia,San Bernardino,california,34.4263886,-117.3008784,3.06
Hidden Hills,Los Angeles,california,34.1602832,-118.6523096,2.98
Highland,San Bernardino,california,34.1283442,-117.2086513,3.1
Hillsborough,San Mateo,california,37.5741032,-122.3794163,2.04
Hollister,San Benito,california,36.8524545,-121.4016021,2.26
Holtville,Imperial,california,32.8111612,-115.3802643,3.38
Hughson,Stanislaus,california,37.6027244,-120.8664811,2.11
Huntington Beach,Orange,california,33.6594835,-117.9988026,3.12
Huntington Park,Los Angeles,california,33.9816812,-118.2250725,3.05
Huron,Fresno,california,36.2027308,-120.1029177,2.52
Imperial,Imperial,california,32.8475528,-115.5694391,3.39
Imperial Beach,San Diego,california,32.5839444,-117.1130849,3.47
Indian Wells,Riverside,california,33.717631,-116.3407549,3.24
Indio,Riverside,california,33.7205771,-116.2155619,3.13
Industry,Los Angeles,california,34.0197335,-117.9586754,3.02
Inglewood,Los Angeles,california,33.9616801,-118.3531311,3.05
Ione,Amador,california,38.3526912,-120.9327177,1.97
Irvine,Orange,california,33.6845673,-117.8265049,3.12
Irwindale,Los Angeles,california,34.1069527,-117.9353413,3.02
Isleton,Sacramento,california,38.1618614,-121.6116206,1.94
Jackson,Amador,california,38.3488023,-120.7741018,1.97
Jurupa Valley,Riverside,california,33.9971974,-117.4854802,3.08
Kerman,Fresno,california,36.7235572,-120.059879,2.39
King City,Monterey,california,36.2127439,-121.1260287,2.53
Kingsburg,Fresno,california,36.5138398,-119.5540175,2.44
La CaÃ±ada Flintridge,Los Angeles,california,34.2068182,-118.2000277,3
La Habra,Orange,california,33.9318591,-117.946137,3.04
La Habra Heights,Los Angeles,california,33.9608461,-117.9506186,3.04
La Mesa,San Diego,california,32.7678287,-117.0230839,3.4
La Mirada,Los Angeles,california,33.9172357,-118.0120086,3.05
La Palma,Orange,california,33.8463218,-118.0461393,3.05
La Puente,Los Angeles,california,34.0200114,-117.9495083,3.02
La Quinta,Riverside,california,33.6633573,-116.3100095,3.24
La Verne,Los Angeles,california,34.1008426,-117.7678355,3.02
Lafayette,Contra Costa,california,37.8857582,-122.1180201,2
Laguna Beach,Orange,california,33.5427189,-117.7853568,3.12
Laguna Hills,Orange,california,33.5916433,-117.6986604,3.17
Laguna Niguel,Orange,california,33.5236744,-117.7149438,3.17
Laguna Woods,Orange,california,33.6101702,-117.7251162,3.17
Lake Elsinore,Riverside,california,33.6680772,-117.3272615,3.19
Lake Forest,Orange,california,33.6469437,-117.6861023,3.17
Lakeport,Lake,california,39.0429506,-122.9158293,1.78
Lakewood,Los Angeles,california,33.8536269,-118.1339563,3.05
Lancaster,Los Angeles,california,34.6867846,-118.1541632,2.97
Larkspur,Marin,california,37.9340915,-122.5352539,1.96
Lathrop,San Joaquin,california,37.8227046,-121.27661,2.01
Lawndale,Los Angeles,california,33.887237,-118.3525744,3.05
Lemon Grove,San Diego,california,32.7425516,-117.0314172,3.47
Lemoore,Kings,california,36.3007835,-119.7829107,2.48
Lincoln,Placer,california,38.891565,-121.2930079,1.83
Lindsay,Tulare,california,36.2030064,-119.08816,2.58
Live Oak,Sutter,california,39.2757232,-121.6599701,1.74
Livermore,Alameda,california,37.6818745,-121.7680088,2.07
Livingston,Merced,california,37.3868826,-120.7235329,2.19
Lodi,San Joaquin,california,38.1341477,-121.2722194,1.95
Loma Linda,San Bernardino,california,34.0483474,-117.2611527,3.03
Lomita,Los Angeles,california,33.7922392,-118.3150722,3.05
Lompoc,Santa Barbara,california,34.6391501,-120.4579409,2.85
Long Beach,Los Angeles,california,33.7700504,-118.1937395,3.05
Loomis,Placer,california,38.8212889,-121.1930041,1.87
Los Alamitos,Orange,california,33.8032009,-118.0718894,3.05
Los Altos,Santa Clara,california,37.3852183,-122.1141298,2.12
Los Altos Hills,Santa Clara,california,37.3796627,-122.1374637,2.12
Los Angeles,Los Angeles,california,34.0522342,-118.2436849,3
Los Banos,Merced,california,37.0582786,-120.8499151,2.23
Los Gatos,Santa Clara,california,37.2358078,-121.9623751,2.2
Loyalton,Sierra,california,39.6762936,-120.2410385,1.93
Lynwood,Los Angeles,california,33.930293,-118.2114603,3.05
Madera,Madera,california,36.9613356,-120.0607176,2.34
Malibu,Los Angeles,california,34.0259216,-118.7797571,3
Mammoth Lakes,Mono,california,37.648546,-118.972079,2.52
Manhattan Beach,Los Angeles,california,33.8847361,-118.4109089,3.05
Manteca,San Joaquin,california,37.7974273,-121.2160526,2.03
Maricopa,Kern,california,35.058858,-119.4009509,2.77
Marina,Monterey,california,36.6844029,-121.802173,2.31
Martinez,Contra Costa,california,38.0193657,-122.1341321,1.94
Marysville,Yuba,california,39.1457253,-121.5913547,1.78
Maywood,Los Angeles,california,33.9866807,-118.185349,3.05
McFarland,Kern,california,35.6780104,-119.2292748,2.67
Mendota,Fresno,california,36.7535611,-120.3815574,2.32
Menifee,Riverside,california,33.6971468,-117.185294,3.17
Menlo Park,San Mateo,california,37.4529598,-122.1817252,2.12
Merced,Merced,california,37.3021632,-120.4829677,2.21
Mill Valley,Marin,california,37.9060368,-122.5449763,1.96
Millbrae,San Mateo,california,37.5985468,-122.3871942,2.04
Milpitas,Santa Clara,california,37.4323341,-121.8995741,2.12
Mission Viejo,Orange,california,33.5968913,-117.6581562,3.17
Modesto,Stanislaus,california,37.6390972,-120.9968782,2.11
Monrovia,Los Angeles,california,34.1442616,-118.0019482,3
Montague,Siskiyou,california,41.7281985,-122.5278007,1.41
Montclair,San Bernardino,california,34.0775104,-117.6897776,3.06
Monte Sereno,Santa Clara,california,37.236333,-121.992458,2.2
Montebello,Los Angeles,california,34.0165053,-118.1137535,3
Monterey,Monterey,california,36.6002378,-121.8946761,2.31
Monterey Park,Los Angeles,california,34.0625106,-118.1228476,3
Moorpark,Ventura,california,34.285558,-118.8820414,2.95
Moraga,Contra Costa,california,37.8349263,-122.1296871,2
Moreno Valley,Riverside,california,33.9424658,-117.2296717,3.1
Morgan Hill,Santa Clara,california,37.1305012,-121.6543901,2.2
Morro Bay,San Luis Obispo,california,35.3659445,-120.8499924,2.68
Mount Shasta,Siskiyou,california,41.3098746,-122.3105666,1.48
Mountain View,Santa Clara,california,37.3860517,-122.0838511,2.12
Murrieta,Riverside,california,33.5539143,-117.2139232,3.17
Napa,Napa,california,38.2975381,-122.286865,1.9
National City,San Diego,california,32.6781085,-117.0991967,3.47
Needles,San Bernardino,california,34.8480597,-114.6141315,2.94
Nevada City,Nevada,california,39.2615606,-121.0160594,1.82
Newark,Alameda,california,37.5296593,-122.0402399,2.03
Newman,Stanislaus,california,37.3138267,-121.0207614,2.16
Newport Beach,Orange,california,33.6188829,-117.9298493,3.12
Norco,Riverside,california,33.9311257,-117.548661,3.08
Norwalk,Los Angeles,california,33.9022367,-118.081733,3.05
Novato,Marin,california,38.1074198,-122.5697032,1.92
Oakdale,Stanislaus,california,37.7665947,-120.8471545,2.05
Oakland,Alameda,california,37.8043637,-122.2711137,1.97
Oakley,Contra Costa,california,37.9974219,-121.7124536,2.01
Oceanside,San Diego,california,33.1958696,-117.3794834,3.32
Ojai,Ventura,california,34.4480495,-119.242889,2.95
Ontario,San Bernardino,california,34.0633443,-117.6508876,3.06
Orange,Orange,california,33.7879139,-117.8531007,3.04
Orange Cove,Fresno,california,36.624394,-119.3137301,2.46
Orinda,Contra Costa,california,37.8771476,-122.1796888,2
Orland,Glenn,california,39.7473803,-122.1963748,1.69
Oroville,Butte,california,39.5137752,-121.556359,1.72
Oxnard,Ventura,california,34.1975048,-119.1770516,2.96
Pacific Grove,Monterey,california,36.6177374,-121.9166215,2.31
Pacifica,San Mateo,california,37.6138253,-122.4869194,2.04
Palm Desert,Riverside,california,33.7222445,-116.3744556,3.24
Palm Springs,Riverside,california,33.8302961,-116.5452921,3.17
Palmdale,Los Angeles,california,34.5794343,-118.1164613,2.97
Palo Alto,Santa Clara,california,37.4418834,-122.1430195,2.12
Palos Verdes Estates,Los Angeles,california,33.8005714,-118.3900737,3.05
Paradise,Butte,california,39.7596061,-121.6219177,1.74
Paramount,Los Angeles,california,33.8894598,-118.1597911,3.05
Parlier,Fresno,california,36.6116174,-119.5270734,2.44
Pasadena,Los Angeles,california,34.1477849,-118.1445155,3
Paso Robles,San Luis Obispo,california,35.6368759,-120.6545022,2.66
Patterson,Stanislaus,california,37.4716001,-121.129656,2.16
Perris,Riverside,california,33.7825194,-117.2286478,3.1
Petaluma,Sonoma,california,38.232417,-122.6366524,1.92
Pico Rivera,Los Angeles,california,33.9830688,-118.096735,3.05
Piedmont,Alameda,california,37.8243715,-122.231635,2
Pinole,Contra Costa,california,38.0043667,-122.2988587,1.92
Pismo Beach,San Luis Obispo,california,35.1427533,-120.6412827,2.74
Pittsburg,Contra Costa,california,38.0279762,-121.8846806,1.93
Placentia,Orange,california,33.8710729,-117.8627548,3.04
Placerville,El Dorado,california,38.7296252,-120.798546,1.94
Pleasant Hill,Contra Costa,california,37.9479786,-122.0607963,2
Pleasanton,Alameda,california,37.6624312,-121.8746789,2.07
Plymouth,Amador,california,38.4818531,-120.844659,1.97
Point Arena,Mendocino,california,38.908798,-123.6930726,1.78
Pomona,Los Angeles,california,34.055103,-117.7499909,3.06
Port Hueneme,Ventura,california,34.1477829,-119.1951074,2.96
Porterville,Tulare,california,36.06523,-119.0167679,2.58
Portola,Plumas,california,39.8104567,-120.4691034,1.86
Portola Valley,San Mateo,california,37.3841066,-122.2352443,2.12
Poway,San Diego,california,32.9628232,-117.0358646,3.4
Rancho Cordova,Sacramento,california,38.5890723,-121.302728,1.87
Rancho Cucamonga,San Bernardino,california,34.1063989,-117.5931084,3.06
Rancho Mirage,Riverside,california,33.739744,-116.41279,3.24
Rancho Palos Verdes,Los Angeles,california,33.7444613,-118.3870173,3.13
Rancho Santa Margarita,Orange,california,33.640171,-117.602832,3.17
Red Bluff,Tehama,california,40.1784886,-122.2358302,1.62
Redding,Shasta,california,40.5865396,-122.3916754,1.53
Redlands,San Bernardino,california,34.0555693,-117.1825381,3.1
Redondo Beach,Los Angeles,california,33.8491816,-118.3884078,3.05
Redwood City,San Mateo,california,37.4852152,-122.2363548,2.12
Reedley,Fresno,california,36.5963395,-119.4504029,2.46
Rialto,San Bernardino,california,34.1064001,-117.3703235,3.03
Richmond,Contra Costa,california,37.9357576,-122.3477486,1.97
Ridgecrest,Kern,california,35.6224561,-117.6708966,2.77
Rio Dell,Humboldt,california,40.4993013,-124.1064369,1.56
Rio Vista,Solano,california,38.1557502,-121.6913439,1.94
Ripon,San Joaquin,california,37.7394537,-121.1354141,2.09
Riverbank,Stanislaus,california,37.7360396,-120.9354895,2.11
Riverside,Riverside,california,33.9806005,-117.3754942,3.08
Rocklin,Placer,california,38.7907339,-121.2357828,1.87
Rohnert Park,Sonoma,california,38.3396367,-122.7010984,1.88
Rolling Hills,Los Angeles,california,33.7569615,-118.3539613,3.05
Rolling Hills Estates,Los Angeles,california,33.7877943,-118.3581284,3.05
Rosemead,Los Angeles,california,34.0805651,-118.072846,3
Roseville,Placer,california,38.7521235,-121.2880059,1.83
Ross,Marin,california,37.9624239,-122.5549775,1.96
Sacramento,Sacramento,california,38.5815719,-121.4943996,1.87
St. Helena,Napa,california,38.5052429,-122.4703868,1.86
Salinas,Monterey,california,36.6777372,-121.6555013,2.32
San Anselmo,Marin,california,37.9746458,-122.5616448,1.96
San Bernardino,San Bernardino,california,34.1083449,-117.2897652,3.03
San Bruno,San Mateo,california,37.6304904,-122.4110835,2.04
San Carlos,San Mateo,california,37.5071591,-122.2605222,2.04
San Clemente,Orange,california,33.4273521,-117.6126004,3.2
San Diego,San Diego,california,32.715738,-117.1610838,3.47
San Dimas,Los Angeles,california,34.1066756,-117.8067257,3.02
San Fernando,Los Angeles,california,34.2819461,-118.4389719,3
San Francisco,San Francisco,california,37.7749295,-122.4194155,1.97
San Gabriel,Los Angeles,california,34.0961111,-118.1058333,3
San Jacinto,Riverside,california,33.7839084,-116.958635,3.16
San Joaquin,Fresno,california,36.6066162,-120.1890447,2.39
San Jose,Santa Clara,california,37.3382082,-121.8863286,2.12
San Juan Bautista,San Benito,california,36.8455108,-121.5379974,2.25
San Juan Capistrano,Orange,california,33.5019027,-117.6627655,3.17
San Leandro,Alameda,california,37.7249296,-122.1560768,2.03
San Luis Obispo,San Luis Obispo,california,35.2827524,-120.6596156,2.71
San Marcos,San Diego,california,33.1433723,-117.1661449,3.33
San Marino,Los Angeles,california,34.121397,-118.1064585,3
San Mateo,San Mateo,california,37.5629917,-122.3255254,2.04
San Pablo,Contra Costa,california,37.9621457,-122.3455263,1.97
San Rafael,Marin,california,37.9735346,-122.5310874,1.96
San Ramon,Contra Costa,california,37.7799273,-121.9780153,2.02
Sand City,Monterey,california,36.6171819,-121.8482855,2.31
Sanger,Fresno,california,36.708006,-119.5559652,2.44
Santa Ana,Orange,california,33.7454725,-117.867653,3.12
Santa Barbara,Santa Barbara,california,34.4208305,-119.6981901,2.92
Santa Clara,Santa Clara,california,37.3541079,-121.9552356,2.12
Santa Clarita,Los Angeles,california,34.3916641,-118.542586,2.97
Santa Cruz,Santa Cruz,california,36.9741171,-122.0307963,2.23
Santa Fe Springs,Los Angeles,california,33.9472359,-118.0853451,3.05
Santa Maria,Santa Barbara,california,34.9530337,-120.4357191,2.8
Santa Monica,Los Angeles,california,34.0194543,-118.4911912,2.98
Santa Paula,Ventura,california,34.3541659,-119.0592705,2.95
Santa Rosa,Sonoma,california,38.440429,-122.7140548,1.88
Santee,San Diego,california,32.8383828,-116.9739167,3.46
Saratoga,Santa Clara,california,37.2638324,-122.0230146,2.12
Sausalito,Marin,california,37.8590937,-122.4852507,1.97
Scotts Valley,Santa Cruz,california,37.0510595,-122.0146841,2.19
Seal Beach,Orange,california,33.7414085,-118.1047682,3.13
Seaside,Monterey,california,36.6149217,-121.822098,2.31
Sebastopol,Sonoma,california,38.4021359,-122.8238806,1.87
Selma,Fresno,california,36.5707838,-119.6120765,2.44
Shafter,Kern,california,35.5005139,-119.2717761,2.65
Shasta Lake,Shasta,california,40.6804279,-122.3708419,1.53
Sierra Madre,Los Angeles,california,34.1616729,-118.0528456,3
Signal Hill,Los Angeles,california,33.8044614,-118.1678456,3.05
Simi Valley,Ventura,california,34.2694474,-118.781482,2.95
Solana Beach,San Diego,california,32.991155,-117.2711481,3.42
Soledad,Monterey,california,36.424687,-121.3263187,2.44
Solvang,Santa Barbara,california,34.5958201,-120.1376481,2.87
Sonoma,Sonoma,california,38.291859,-122.4580356,1.9
Sonora,Tuolumne,california,37.9829496,-120.3821724,2.13
South El Monte,Los Angeles,california,34.0519548,-118.0467339,3
South Gate,Los Angeles,california,33.954737,-118.2120161,3.05
South Lake Tahoe,El Dorado,california,38.939926,-119.9771868,2.11
South Pasadena,Los Angeles,california,34.1161196,-118.1503488,3
South San Francisco,San Mateo,california,37.654656,-122.4077498,2.04
Stanton,Orange,california,33.8028875,-117.9931203,3.04
Stockton,San Joaquin,california,37.9577016,-121.2907796,2.01
Suisun City,Solano,california,38.2382474,-122.040244,1.94
Sunnyvale,Santa Clara,california,37.36883,-122.0363496,2.12
Susanville,Lassen,california,40.4162842,-120.6530063,1.73
Sutter Creek,Amador,california,38.3929675,-120.8024357,1.97
Taft,Kern,california,35.1424671,-119.4565078,2.77
Tehachapi,Kern,california,35.1321877,-118.4489739,2.95
Tehama,Tehama,california,40.0271015,-122.1233228,1.62
Temecula,Riverside,california,33.4936391,-117.1483648,3.24
Temple City,Los Angeles,california,34.1072305,-118.0578456,3
Thousand Oaks,Ventura,california,34.1705609,-118.8375937,3
Tiburon,Marin,california,37.8735377,-122.4566392,1.97
Torrance,Los Angeles,california,33.8358492,-118.3406288,3.05
Tracy,San Joaquin,california,37.7396513,-121.4252227,2.09
Trinidad,Humboldt,california,41.059291,-124.1431246,1.43
Truckee,Nevada,california,39.327962,-120.1832533,1.98
Tulare,Tulare,california,36.2077288,-119.3473379,2.56
Tulelake,Siskiyou,california,41.9559884,-121.4774916,1.41
Turlock,Stanislaus,california,37.4946568,-120.8465941,2.17
Tustin,Orange,california,33.7420005,-117.8236391,3.12
Twentynine Palms,San Bernardino,california,34.1355582,-116.0541689,3.11
Ukiah,Mendocino,california,39.1501709,-123.2077831,1.77
Union City,Alameda,california,37.5933918,-122.0438298,2.03
Upland,San Bernardino,california,34.09751,-117.6483876,3.06
Vacaville,Solano,california,38.3565773,-121.9877444,1.89
Vallejo,Solano,california,38.1040864,-122.2566367,1.92
Ventura,Ventura,california,34.2804923,-119.2945199,2.94
Vernon,Los Angeles,california,34.003903,-118.230073,3
Victorville,San Bernardino,california,34.5362184,-117.2927641,2.98
Villa Park,Orange,california,33.8140062,-117.8220723,3.04
Visalia,Tulare,california,36.3302284,-119.2920585,2.51
Vista,San Diego,california,33.2000368,-117.2425355,3.33
Walnut,Los Angeles,california,34.0202894,-117.8653386,3.02
Walnut Creek,Contra Costa,california,37.9100783,-122.0651819,2
Wasco,Kern,california,35.5941238,-119.3409457,2.65
Waterford,Stanislaus,california,37.6413202,-120.7604834,2.11
Watsonville,Santa Cruz,california,36.910231,-121.7568946,2.23
Weed,Siskiyou,california,41.4226498,-122.3861269,1.48
West Covina,Los Angeles,california,34.0686208,-117.9389526,3.02
West Hollywood,Los Angeles,california,34.0900091,-118.3617443,2.98
West Sacramento,Yolo,california,38.5804609,-121.530234,1.86
Westlake Village,Los Angeles,california,34.1466467,-118.8073729,3
Westminster,Orange,california,33.7591757,-117.9897058,3.04
Westmorland,Imperial,california,33.0372674,-115.6213817,3.28
Wheatland,Yuba,california,39.0098946,-121.4230133,1.8
Whittier,Los Angeles,california,33.9791793,-118.032844,3.05
Wildomar,Riverside,california,33.5989126,-117.2800372,3.19
Williams,Colusa,california,39.1546137,-122.1494187,1.76
Willits,Mendocino,california,39.4096079,-123.3555656,1.73
Willows,Glenn,california,39.5243265,-122.1935931,1.69
Windsor,Sonoma,california,38.5471327,-122.8163802,1.83
Winters,Yolo,california,38.5249065,-121.9708017,1.85
Woodlake,Tulare,california,36.4135605,-119.0987176,2.53
Woodland,Yolo,california,38.6785157,-121.7732971,1.85
Woodside,San Mateo,california,37.4299388,-122.2538557,2.1
Yorba Linda,Orange,california,33.8885035,-117.8132571,3.04
Yountville,Napa,california,38.4015781,-122.3608105,1.9
Yreka,Siskiyou,california,41.7354186,-122.6344709,1.41
Yuba City,Sutter,california,39.1404477,-121.6169108,1.78
Yucaipa,San Bernardino,california,34.033625,-117.0430865,3.1
Yucca Valley,San Bernardino,california,34.1141743,-116.432235,3.13
